{"cameraMode":{"drawMode":0,"name":"Shaded","section":"Shading Mode"},"sceneLighting":true,"audioPlay":false,"sceneViewState":{"m_AlwaysRefresh":false,"showFog":true,"showSkybox":true,"showFlares":true,"showImageEffects":true,"showParticleSystems":true,"showVisualEffectGraphs":true,"m_FxEnabled":true},"in2DMode":false,"pivot":{"x":5.140209674835205,"y":5.743552207946777,"z":-9.706398963928223},"rotation":{"x":-0.04562035948038101,"y":0.10528483241796494,"z":-0.004908030852675438,"w":-0.9934251308441162},"size":0.08295460790395737,"orthographic":false}