{"cameraMode":{"drawMode":0,"name":"Shaded","section":"Shading Mode"},"sceneLighting":false,"audioPlay":false,"sceneViewState":{"m_AlwaysRefresh":false,"showFog":true,"showSkybox":false,"showFlares":true,"showImageEffects":true,"showParticleSystems":true,"showVisualEffectGraphs":true,"m_FxEnabled":true},"in2DMode":false,"pivot":{"x":0.023183578625321389,"y":0.0068309009075164799,"z":0.014131087809801102},"rotation":{"x":-0.05281190946698189,"y":0.8599420189857483,"z":-0.09088564664125443,"w":-0.49946972727775576},"size":0.04345736652612686,"orthographic":false}