{"cameraMode":{"drawMode":0,"name":"Shaded","section":"Shading Mode"},"sceneLighting":false,"audioPlay":false,"sceneViewState":{"m_AlwaysRefresh":false,"showFog":true,"showSkybox":false,"showFlares":true,"showImageEffects":true,"showParticleSystems":true,"showVisualEffectGraphs":true,"m_FxEnabled":true},"in2DMode":false,"pivot":{"x":0.00000286102294921875,"y":-21.562097549438478,"z":0.000004291534423828125},"rotation":{"x":0.09282533079385758,"y":-0.9049016237258911,"z":0.25806379318237307,"w":0.32549360394477847},"size":22.769529342651368,"orthographic":false}