{"cameraMode":{"drawMode":0,"name":"Shaded","section":"Shading Mode"},"sceneLighting":false,"audioPlay":false,"sceneViewState":{"m_AlwaysRefresh":false,"showFog":true,"showSkybox":false,"showFlares":true,"showImageEffects":true,"showParticleSystems":true,"showVisualEffectGraphs":true,"m_FxEnabled":true},"in2DMode":false,"pivot":{"x":-0.0000050067901611328129,"y":-0.4138171970844269,"z":0.0000014603137969970704},"rotation":{"x":-0.07779306173324585,"y":0.9089999198913574,"z":-0.19688577950000764,"w":-0.35906049609184267},"size":0.9707776308059692,"orthographic":false}